Users Link,User Name,Followers,Following,Tracks
https://soundcloud.com/winnodamidside,Hustlang Winno ğŸ‰ğŸ,"9,659",241,24
https://soundcloud.com/t-h-i-n-h-h-o,THINHHO,205,230,1
https://soundcloud.com/youngcrizzal,YC,125K,47,74
https://soundcloud.com/hieutranmusicproducer,Hieu Tran Music Producer,"2,608",2,79
https://soundcloud.com/l2share140,L2Shareâ™«140,"2,618",97,34
https://soundcloud.com/user-580335475,ğ˜‚ğ—ºğ—°ğ—»ğ—´ğ—±ğ—° ğŸ¶,317,119,42
https://soundcloud.com/ph-m-ho-ng-kim-ng-n-167582487,Nan Kohsoom Ho,42,0,9
https://soundcloud.com/lam-quang-243035270,Lkang,653,0,2
https://soundcloud.com/lilyafuuu,yafu,"2,876",9,7
https://soundcloud.com/mickeyxxxminnie,Äáº·ng Gia Linh,"1,728",39,12
https://soundcloud.com/vux0501,VUX,"4,065",1,13
https://soundcloud.com/1967lofimusic,1967 Music,276,0,22
https://soundcloud.com/ronniboi,Ronniboi,"7,413",110,59
https://soundcloud.com/hawysmusic,Hawys.,"9,024",17,37
https://soundcloud.com/tientienofficial,TIEN TIEN,50.5K,10,16
https://soundcloud.com/hawysmusic,Hawys.,"9,024",17,37
https://soundcloud.com/quynhdotua,TÃ™A,"5,331",8,9
https://soundcloud.com/pxcmxn,RPT Phongkhin,23.8K,80,85
https://soundcloud.com/leminhchuc,Cofm â™«,"2,014",100,32
https://soundcloud.com/hawysmusic,Hawys.,"9,024",17,37
https://soundcloud.com/shenlong_production,ShenlongZ,20.2K,"1,962",67
https://soundcloud.com/kimmese,Kimmese,32K,31,38
https://soundcloud.com/nguy-n-to-n-401524044,ğš’ ğš‘ğšŠğšŸğš ğšŠ ğšœğš•ğš˜ğš ğšğš ğšœğš˜ğš—ğš,"3,945",3,36
https://soundcloud.com/ph-ph-i-s,TaylorDaClownn.,"1,932",43,32
https://soundcloud.com/caphesuad4,ğ‘ªğ’‚Ì€ ğ’‘ğ’‰ğ’†Ì‚ ğ’”ğ’–Ì›Ìƒğ’‚ (Ä‘Ã¡) â˜•,"1,718",10,14
https://soundcloud.com/rapital,Rapital,21.4K,13,18
https://soundcloud.com/vunganmy,Vu Ngan My,549,16,11
https://soundcloud.com/vunganmy,Vu Ngan My,549,16,11
https://soundcloud.com/touliver,Touliver,170K,68,181
https://soundcloud.com/h-ng-v-787579738,ğš‘ğšğš ğš—ğš,591,0,11
https://soundcloud.com/r-e-cords-z-z-z-1,ZRecords,628,20,49
https://soundcloud.com/beebb,BeeBB,13.9K,69,222
https://soundcloud.com/66ison,Gia CÃ¡t Tháº¡ch,960,102,7
https://soundcloud.com/andiez95,Andiez,51.3K,25,54
https://soundcloud.com/nh4t-entertainment,NH4T,375,0,32
https://soundcloud.com/nyctophilia_vn,Nyctophilia,"2,479",101,370
https://soundcloud.com/orion-bui,Orion Bui,251,6,47
https://soundcloud.com/officialvrt,VRT,"2,458",17,24
https://soundcloud.com/ti-n-l-ng-thanh,Kevinnnz,248,31,2
https://soundcloud.com/kimmese,Kimmese,32K,31,38
https://soundcloud.com/unk-t,UNK-Team,"2,215",136,33
https://soundcloud.com/user-801131155,ğŸ¹ ğŸ· ğŸ¶ ğŸ½,893,0,11
https://soundcloud.com/h-ng-s-nn-505395159,Cloud 5,744,32,8
https://soundcloud.com/odayconhacthuii,odayconhacthuii,"1,156",2,8
https://soundcloud.com/tri-beat,TrÃ­ Beat,627,25,13
https://soundcloud.com/fishy1301,fishy,"1,985",12,6
https://soundcloud.com/h-ng-v-787579738,ğš‘ğšğš ğš—ğš,591,0,11
https://soundcloud.com/youngcrizzal,YC,125K,47,74
https://soundcloud.com/hoai-linh-946093491,DARLING,825,12,12
https://soundcloud.com/winnodamidside,Hustlang Winno ğŸ‰ğŸ,"9,659",241,24
https://soundcloud.com/t-h-i-n-h-h-o,THINHHO,205,230,1
https://soundcloud.com/user-580335475,ğ˜‚ğ—ºğ—°ğ—»ğ—´ğ—±ğ—° ğŸ¶,317,119,42
https://soundcloud.com/mickeyxxxminnie,Äáº·ng Gia Linh,"1,728",39,12
https://soundcloud.com/vux0501,VUX,"4,065",1,13
https://soundcloud.com/1967lofimusic,1967 Music,276,0,22
https://soundcloud.com/hawysmusic,Hawys.,"9,024",17,37
https://soundcloud.com/hawysmusic,Hawys.,"9,024",17,37
https://soundcloud.com/pxcmxn,RPT Phongkhin,23.8K,80,85
https://soundcloud.com/hawysmusic,Hawys.,"9,024",17,37
https://soundcloud.com/shenlong_production,ShenlongZ,20.2K,"1,962",67
https://soundcloud.com/touliver,Touliver,170K,68,181
https://soundcloud.com/h-ng-v-787579738,ğš‘ğšğš ğš—ğš,591,0,11
https://soundcloud.com/r-e-cords-z-z-z-1,ZRecords,628,20,49
https://soundcloud.com/orion-bui,Orion Bui,251,6,47
https://soundcloud.com/odayconhacthuii,odayconhacthuii,"1,156",2,8
https://soundcloud.com/tri-beat,TrÃ­ Beat,627,25,13
https://soundcloud.com/fishy1301,fishy,"1,985",12,6
https://soundcloud.com/hoai-linh-946093491,DARLING,825,12,12
https://soundcloud.com/deeyouseeprod,DeeYouSee,210,23,28
https://soundcloud.com/b-i-linh-7,buitruonglinh,10.4K,33,6
https://soundcloud.com/officialvrt,VRT,"2,458",17,24
https://soundcloud.com/tr-n-cho-tui,Anh Minh,"1,940",21,23
https://soundcloud.com/slowedxxl,*+ slowed vibes +**,669,4,51
https://soundcloud.com/adedmusicgroup,ADED Music Group,"2,491",5,43
https://soundcloud.com/pkvpro123,Khoi Vu,14K,111,21
https://soundcloud.com/nh4t-entertainment,NH4T,375,0,32
https://soundcloud.com/notafraidofficial,NOT AFRAID MUSIC,"9,406",3,54
https://soundcloud.com/r-e-cords-z-z-z-1,ZRecords,628,20,49
https://soundcloud.com/h-a-music-b,H.A Music B,77,11,12
https://soundcloud.com/japannezz,mnhat.peo,"1,711",56,12
https://soundcloud.com/c-anh-454286221,Äá»©c Anh,567,4,25
https://soundcloud.com/beebb,BeeBB,13.9K,69,222
https://soundcloud.com/nh4t-entertainment,NH4T,375,0,32
https://soundcloud.com/luxofons,LuxÃ¸fons,"2,063",122,46
https://soundcloud.com/080201271100,PhuBinh,"1,800",6,6
https://soundcloud.com/hieuthuhai,HIEUTHUHAI,39.5K,95,16
https://soundcloud.com/tuanazh999,à¹–Tuáº¥n._Azhà¹–,"1,321",137,11
https://soundcloud.com/drmv4aug,Dreamble,982,5,9
https://soundcloud.com/metubmusic,MMusic,91,0,35
https://soundcloud.com/justmhien04,mnhien,55,11,2
https://soundcloud.com/winnodamidside,Hustlang Winno ğŸ‰ğŸ,"9,659",241,24
https://soundcloud.com/adedmusicgroup,ADED Music Group,"2,491",5,43
https://soundcloud.com/lisa96578,Lisa,"1,121",0,3
https://soundcloud.com/lu-lao-leu,I'm Trung Ngon    âœ…,"1,108",324,50
https://soundcloud.com/youngcrizzal,YC,125K,47,74
https://soundcloud.com/21l0i,LV,"1,290",1,5
https://soundcloud.com/r-e-cords-z-z-z-1,ZRecords,628,20,49
https://soundcloud.com/r-e-cords-z-z-z-1,ZRecords,628,20,49
https://soundcloud.com/youngcrizzal,YC,125K,47,74
https://soundcloud.com/l2share140,L2Shareâ™«140,"2,618",97,34
https://soundcloud.com/lam-quang-243035270,Lkang,653,0,2
https://soundcloud.com/lilyafuuu,yafu,"2,876",9,7
https://soundcloud.com/tientienofficial,TIEN TIEN,50.5K,10,16
https://soundcloud.com/nguy-n-to-n-401524044,ğš’ ğš‘ğšŠğšŸğš ğšŠ ğšœğš•ğš˜ğš ğšğš ğšœğš˜ğš—ğš,"3,945",3,36
https://soundcloud.com/vunganmy,Vu Ngan My,549,16,11
https://soundcloud.com/66ison,Gia CÃ¡t Tháº¡ch,960,102,7
https://soundcloud.com/andiez95,Andiez,51.3K,25,54
https://soundcloud.com/unk-t,UNK-Team,"2,215",136,33
https://soundcloud.com/user-801131155,ğŸ¹ ğŸ· ğŸ¶ ğŸ½,893,0,11
https://soundcloud.com/h-ng-v-787579738,ğš‘ğšğš ğš—ğš,591,0,11
https://soundcloud.com/youngcrizzal,YC,125K,47,74
https://soundcloud.com/rumrumne,Rum,"9,567",29,12
https://soundcloud.com/sonbeat21,SONBEAT,23.5K,15,40
https://soundcloud.com/user-801131155,ğŸ¹ ğŸ· ğŸ¶ ğŸ½,893,0,11
https://soundcloud.com/user-73277016,Qi,48,5,9
https://soundcloud.com/h-ng-quang-834488889,Quang,246,0,4
https://soundcloud.com/andiez95,Andiez,51.3K,25,54
https://soundcloud.com/toulouse28,lÃ³use,558,8,14
https://soundcloud.com/t-o-t-nh-t-m,TÃ¡o,54.8K,118,46
https://soundcloud.com/quyen-quyen-449202674,dpq=)),273,0,18
https://soundcloud.com/rumrumne,Rum,"9,567",29,12
https://soundcloud.com/mint-116031688,MINT,502,0,12
https://soundcloud.com/metubmusic,MMusic,91,0,35
https://soundcloud.com/vit-tin,VeeTee,497,2,55
https://soundcloud.com/nguy-n-to-n-401524044,ğš’ ğš‘ğšŠğšŸğš ğšŠ ğšœğš•ğš˜ğš ğšğš ğšœğš˜ğš—ğš,"3,945",3,36
https://soundcloud.com/juund,JUUN D,856,0,5
https://soundcloud.com/21l0i,LV,"1,290",1,5
https://soundcloud.com/toilavu,"VÅ©,",200K,32,62
https://soundcloud.com/l_iiam,Liam,"1,589",0,14
https://soundcloud.com/jannina-weigel,Jannine Weigel,37.3K,13,87
https://soundcloud.com/nguy-n-to-n-401524044,ğš’ ğš‘ğšŠğšŸğš ğšŠ ğšœğš•ğš˜ğš ğšğš ğšœğš˜ğš—ğš,"3,945",3,36
https://soundcloud.com/music-anime-754177858,Rei,"2,487",2,14
https://soundcloud.com/66ison,Gia CÃ¡t Tháº¡ch,960,102,7
https://soundcloud.com/thquynh-tran,Shiraz,137,0,22
https://soundcloud.com/decabrodamusicvietnam,Decabroda Music Vietnam,266,64,136
https://soundcloud.com/camdaily,tad,329,64,18
https://soundcloud.com/user-73827147,Dick - Báº¡n CÃ³ TÃ i MÃ ,22.6K,13,15
https://soundcloud.com/phu-khanh-602508529,Kane,230,1,3
https://soundcloud.com/phu-hoang-146874860,punnas,257,5,1
https://soundcloud.com/double-blue,D.Blue,12.1K,49,28
https://soundcloud.com/gangs-rap,G A N G $,268,1,13
https://soundcloud.com/nguy-n-tu-n-anh-895708401,Sunny,57,0,13
https://soundcloud.com/h-ng-nguy-n-v-n-944348134,HÆ°á»Ÿng Nguyá»…n VÄƒn,"1,671",15,22
https://soundcloud.com/pkvpro123,Khoi Vu,14K,111,21
https://soundcloud.com/toilavu,"VÅ©,",200K,32,62
https://soundcloud.com/nguy-n-to-n-401524044,ğš’ ğš‘ğšŠğšŸğš ğšŠ ğšœğš•ğš˜ğš ğšğš ğšœğš˜ğš—ğš,"3,945",3,36
https://soundcloud.com/khoavu,Khoa VÅ©,"9,833",214,92
https://soundcloud.com/hieutranmusicproducer,Hieu Tran Music Producer,"2,608",2,79
https://soundcloud.com/ph-m-ho-ng-kim-ng-n-167582487,Nan Kohsoom Ho,43,0,9
https://soundcloud.com/ronniboi,Ronniboi,"7,413",110,59
https://soundcloud.com/quynhdotua,TÃ™A,"5,331",8,9
https://soundcloud.com/leminhchuc,Cofm â™«,"2,014",100,32
https://soundcloud.com/caphesuad4,ğ‘ªğ’‚Ì€ ğ’‘ğ’‰ğ’†Ì‚ ğ’”ğ’–Ì›Ìƒğ’‚ (Ä‘Ã¡) â˜•,"1,718",10,14
https://soundcloud.com/vunganmy,Vu Ngan My,549,16,11
https://soundcloud.com/beebb,BeeBB,13.9K,69,222
https://soundcloud.com/nh4t-entertainment,NH4T,375,0,32
https://soundcloud.com/officialvrt,VRT,"2,458",17,24
https://soundcloud.com/ti-n-l-ng-thanh,Kevinnnz,248,31,2
https://soundcloud.com/h-ng-s-nn-505395159,Cloud 5,744,32,8
https://soundcloud.com/bla-bla-391701653,Jay Li,"1,541",19,7
https://soundcloud.com/akiraphan,Akira Phan,480,3,93
https://soundcloud.com/charlesnkeys,CHARLES.,19.6K,69,89
https://soundcloud.com/deeyouseeprod,DeeYouSee,210,23,28
https://soundcloud.com/vux0501,VUX,"4,066",1,13
https://soundcloud.com/user-8866797,Marchino,225,0,9
https://soundcloud.com/di-u-l-43715606,Diá»‡u LÃª,359,5,2
https://soundcloud.com/hieuz-music,Hieuz â™ª,"2,745",0,29
https://soundcloud.com/linhkhv,Linh,239,0,4
https://soundcloud.com/truc-vo-871617986,Thanh Truc Vo,363,0,13
https://soundcloud.com/c-nguy-n-827842188,X.O Chill,14,0,3
https://soundcloud.com/c-h-a-n-g-724613134,JIANG,489,10,29
https://soundcloud.com/teeayz,teeayz,"2,757",155,11
https://soundcloud.com/ngaadethuongnhathemattroi,Mie,"1,725",53,7
https://soundcloud.com/glee-ams,Glee Ams,"6,501",4,105
https://soundcloud.com/lyrics-of-edm,F2 RECORDS,732,107,23
https://soundcloud.com/dgthanhdong,boy in da hood,40,6,4
https://soundcloud.com/charlesnkeys,CHARLES.,19.6K,69,89
https://soundcloud.com/ph-nguy-n-510930624,PhuTs EDM,549,7,4
https://soundcloud.com/my-hanah,sadgrl,653,1,17
https://soundcloud.com/nhan-phuc-565795404,Phuc Nhan,25,5,1
https://soundcloud.com/hiderway,Hiderway,"4,671",5,28
https://soundcloud.com/user-712654135,HyDo,169,5,17
https://soundcloud.com/charlesnkeys,CHARLES.,19.6K,69,89
https://soundcloud.com/the-shaunz,Shaun,902,51,7
https://soundcloud.com/deonoxivar,DEON OXIVAR,427,8,120
https://soundcloud.com/h-u-nguy-n-140355576,Xian Ken,"1,478",24,8
https://soundcloud.com/vux0501,VUX,"4,066",1,13
https://soundcloud.com/v-b-ng-d,Sa.Wan,161,0,5
https://soundcloud.com/user-372173851,Atfara Music,"1,584",14,46
https://soundcloud.com/ngoc-minh-807782026,huh,28,5,3
https://soundcloud.com/tr-n-tr-ng-l-ng-278518794,Tráº§n Trá»ng LÆ°Æ¡ng,553,51,3
https://soundcloud.com/hieutranmusicproducer,Hieu Tran Music Producer,"2,608",2,79
https://soundcloud.com/r-e-cords-z-z-z-1,ZRecords,628,20,49
https://soundcloud.com/kproxremix,KProx,164,27,9
https://soundcloud.com/truc-vo-871617986,Thanh Truc Vo,363,0,13
https://soundcloud.com/user-801131155,ğŸ¹ ğŸ· ğŸ¶ ğŸ½,893,0,11
https://soundcloud.com/meemedia,Mee Media,"5,916",230,14
https://soundcloud.com/bacsihai,BÃ¡c sÄ© Háº£i,77.2K,547,36
https://soundcloud.com/bacsihai,BÃ¡c sÄ© Háº£i,77.2K,547,36
https://soundcloud.com/eezayiang,Giang To,51.8K,"1,408",10
https://soundcloud.com/h-a-l-ng-c,Bum Pro.D,24K,764,60
https://soundcloud.com/alexmussic,Music Is LifeğŸ’,"3,247",0,627
https://soundcloud.com/binh-ho-310210397,BÃ¬nh Há»“ Official,67K,1,20
https://soundcloud.com/msclak,MSC LAK,91,21,8
https://soundcloud.com/ti-n-kh-103782530,Khang Heo âœª,353,29,2
https://soundcloud.com/caoanh-tuan,caoanh tuan,16,0,2
https://soundcloud.com/chuoi-t-y,BANANA âœª,129K,602,80
https://soundcloud.com/anhthepham-240299,ABIG,"4,057",20,2
https://soundcloud.com/dj-tin-5,DJ TiLo,346K,949,210
https://soundcloud.com/dj-minh-tri-202,minhtri88883,"8,745",1,3
https://soundcloud.com/music-doctor,MUSIC DOCTOR Record,36.8K,"1,562",41
https://soundcloud.com/justfuturedaproducer,Future Da Producer,"9,049",288,148
https://soundcloud.com/tu-n-t-rin-xu,Tuáº¥n TrinXu âœª,"8,438",315,31
https://soundcloud.com/nguyen-anh-haii,NaH,932,1,3
https://soundcloud.com/hung-76726861,Hung,128,0,12
https://soundcloud.com/binh-ho-310210397,BÃ¬nh Há»“ Official,67K,1,20
https://soundcloud.com/xuanphucsandjprod,I'm SAN,29.3K,616,29
https://soundcloud.com/vux0501,VUX,"4,066",1,13
https://soundcloud.com/anh-milano-entertainment,Long Tu 0828444429,50,0,4
https://soundcloud.com/d-ng-ho-ng-d-ng-421312179,Yang Remix (ChÃ­nh Chá»§),335,12,35
https://soundcloud.com/djsoidolce,I'm Soi Dolce,"9,291",3,4
https://soundcloud.com/khu-tr-ng-790123094,TK,11K,150,47
https://soundcloud.com/binh-ho-310210397,BÃ¬nh Há»“ Official,67K,1,20
https://soundcloud.com/phi-thanh-official,Phi ThÃ nh Official,21.7K,49,10
https://soundcloud.com/c-h-a-n-g-724613134,JIANG,489,10,29
https://soundcloud.com/ldlentertainment,LDL Entertainment,653,4,13
https://soundcloud.com/user-870584136,Tinau(Nick phá»¥),709,2,3
https://soundcloud.com/brobear89,BroBear Remix,26.4K,36,12
https://soundcloud.com/chuoi-t-y,BANANA âœª,129K,602,80
https://soundcloud.com/nguy-n-gia-b-o-482292588,BAO TENG,24.7K,3,2
https://soundcloud.com/b-i-h-i-anh-693700283,Vinahouse - Dance - EDM - Remix Music,"1,280",7,21
https://soundcloud.com/justfuturedaproducer,Future Da Producer,"9,049",288,148
https://soundcloud.com/hinh-nguy-n-656438818,DJ KATANA,"4,555",271,98
https://soundcloud.com/dj-tin-5,DJ TiLo,346K,949,210
https://soundcloud.com/user-665097464,bac mt,850,"1,151",3
https://soundcloud.com/ti-n-d-ng-483096509,DJ Drop âœª,80,169,3
https://soundcloud.com/binh-ho-310210397,BÃ¬nh Há»“ Official,67K,1,20
https://soundcloud.com/0942400573-518991315,0942400573,"2,219",578,1
https://soundcloud.com/tacongtung,DJ TCT MUSIC - 0971345286,39.3K,37,200
https://soundcloud.com/eezayiang,Giang To,51.8K,"1,408",10
https://soundcloud.com/user-976661844,User 976661844,27,0,5
https://soundcloud.com/t-ng-nguy-n-603782925,TÃ¹ng Nguyá»…n,35,5,3
https://soundcloud.com/quang-le-819563502,Quang Le,65,1,8
https://soundcloud.com/huydx,Huydx,28.3K,802,58
https://soundcloud.com/gherardofabrizio,Gherardo Fabrizio,"4,069",558,8
https://soundcloud.com/h-a-t-511862450,Minh TÃº,"2,757",759,4
